,Channel_Name,Channel_URL,Ingame_ID,opgg_url
0,캬일,https://www.youtube.com/channel/UCFBJr2sMBTZRmtvBh5tmX3A,캬일,https://op.gg/summoner/userName=캬일
1,세체우,https://www.youtube.com/channel/UCas5Hf4XuQ3whnwaf9YsJYw,세체우,https://op.gg/summoner/userName=세체우
2,세체우,https://www.youtube.com/channel/UCas5Hf4XuQ3whnwaf9YsJYw,Youtube귀배,https://op.gg/summoner/userName=Youtube귀배
3,세체우,https://www.youtube.com/channel/UCas5Hf4XuQ3whnwaf9YsJYw,우디르 정점,https://op.gg/summoner/userName=우디르 정점
4,세체우,https://www.youtube.com/channel/UCas5Hf4XuQ3whnwaf9YsJYw,괴물 우디르,https://op.gg/summoner/userName=괴물 우디르
5,현솔,https://www.youtube.com/channel/UCEWkdaR_6g6giiy8_vI6fmw,Sol로랭크,https://op.gg/summoner/userName=Sol로랭크
6,현솔,https://www.youtube.com/channel/UCEWkdaR_6g6giiy8_vI6fmw,오른은스킨1개,https://op.gg/summoner/userName=오른은스킨1개
7,현솔,https://www.youtube.com/channel/UCEWkdaR_6g6giiy8_vI6fmw,현 솔,https://op.gg/summoner/userName=현 솔
8,항심,https://www.youtube.com/user/yang2100y,티나리,https://op.gg/summoner/userName=티나리
9,항심,https://www.youtube.com/user/yang2100y,티신,https://op.gg/summoner/userName=티신
10,금똥왁왁,https://www.youtube.com/user/arthur12201,더기와기,https://op.gg/summoner/userName=더기와기
11,금똥왁왁,https://www.youtube.com/user/arthur12201,신부와기,https://op.gg/summoner/userName=신부와기
12,금똥왁왁,https://www.youtube.com/user/arthur12201,레넥톤장인,https://op.gg/summoner/userName=레넥톤장인
13,쓰리컨드,https://www.youtube.com/channel/UCHysRIIDpEywTmWl44ZV5Dw,sharkpredator,https://op.gg/summoner/userName=sharkpredator
14,쓰리컨드,https://www.youtube.com/channel/UCHysRIIDpEywTmWl44ZV5Dw,쓰리컨드,https://op.gg/summoner/userName=쓰리컨드
15,쓰리컨드,https://www.youtube.com/channel/UCHysRIIDpEywTmWl44ZV5Dw,zhendiao,https://op.gg/summoner/userName=zhendiao
16,쓰리컨드,https://www.youtube.com/channel/UCHysRIIDpEywTmWl44ZV5Dw,lliiiilliilll,https://op.gg/summoner/userName=lliiiilliilll
17,코태,https://www.youtube.com/channel/UCJFkH0p-M4_WEaHvLqWnkIg,코태는,https://op.gg/summoner/userName=코태는
18,코태,https://www.youtube.com/channel/UCJFkH0p-M4_WEaHvLqWnkIg,있어줘요장덕철,https://op.gg/summoner/userName=있어줘요장덕철
19,코태,https://www.youtube.com/channel/UCJFkH0p-M4_WEaHvLqWnkIg,코 태,https://op.gg/summoner/userName=코 태
20,신지드장인 넙적이,https://www.youtube.com/channel/UCmTjMP2tpOFoFIuKzb4uEhw,저항군신지드,https://op.gg/summoner/userName=저항군신지드
21,신지드장인 넙적이,https://www.youtube.com/channel/UCmTjMP2tpOFoFIuKzb4uEhw,신지드장인,https://op.gg/summoner/userName=신지드장인
22,Uehara Ahri,https://www.youtube.com/channel/UC0EWVkB5mmeJ8z61rJWQTPg,고졸21세히키백수,https://op.gg/summoner/userName=고졸21세히키백수
23,남부정 Nam Bu Jeong,https://www.youtube.com/user/nws960,IlIlIllIIlIIlIIl,https://op.gg/summoner/userName=IlIlIllIIlIIlIIl
24,남부정 Nam Bu Jeong,https://www.youtube.com/user/nws960,탑갱오지말고봇가,https://op.gg/summoner/userName=탑갱오지말고봇가
25,제로거TV,https://www.youtube.com/user/MrKimyoungbum,포효하는말파이트,https://op.gg/summoner/userName=포효하는말파이트
26,제로거TV,https://www.youtube.com/user/MrKimyoungbum,제로거,https://op.gg/summoner/userName=제로거
27,제로거TV,https://www.youtube.com/user/MrKimyoungbum,ZEROGER,https://op.gg/summoner/userName=ZEROGER
28,프제짱,https://www.youtube.com/channel/UChD2kf1XO2sxR4t4s_oPPMA,95060758del,https://op.gg/summoner/userName=95060758del
29,프제짱,https://www.youtube.com/channel/UChD2kf1XO2sxR4t4s_oPPMA,은가뉴,https://op.gg/summoner/userName=은가뉴
30,프제짱,https://www.youtube.com/channel/UChD2kf1XO2sxR4t4s_oPPMA,레녹스루이스,https://op.gg/summoner/userName=레녹스루이스
31,프제짱,https://www.youtube.com/channel/UChD2kf1XO2sxR4t4s_oPPMA,Pz ZZang,https://op.gg/summoner/userName=Pz ZZang
32,프제짱,https://www.youtube.com/channel/UChD2kf1XO2sxR4t4s_oPPMA,yasuo2,https://op.gg/summoner/userName=yasuo2
33,레드판다,https://www.youtube.com/channel/UCWohcqhH_cL65SalDGPw35Q,불타는곰인형,https://op.gg/summoner/userName=불타는곰인형
34,웅플,https://www.youtube.com/user/Woongplayer,talmoMakerzzz,https://op.gg/summoner/userName=talmoMakerzzz
35,TV헤이스트,https://www.youtube.com/channel/UCaiyyjmlyH70au7pzKE4jnQ,Youtube 헤이스트,https://op.gg/summoner/userName=Youtube 헤이스트
36,TV헤이스트,https://www.youtube.com/channel/UCaiyyjmlyH70au7pzKE4jnQ,1처형 900골드,https://op.gg/summoner/userName=1처형 900골드
37,TV헤이스트,https://www.youtube.com/channel/UCaiyyjmlyH70au7pzKE4jnQ,수고했다헤이스트,https://op.gg/summoner/userName=수고했다헤이스트
38,WYE TV,https://www.youtube.com/channel/UCWCZ-H_b17blcf42qnVhNiQ,화령란,https://op.gg/summoner/userName=화령란
39,WYE TV,https://www.youtube.com/channel/UCWCZ-H_b17blcf42qnVhNiQ,꺼지지 않는 불꽃,https://op.gg/summoner/userName=꺼지지 않는 불꽃
40,WYE TV,https://www.youtube.com/channel/UCWCZ-H_b17blcf42qnVhNiQ,MEDURI,https://op.gg/summoner/userName=MEDURI
41,김재혁TV [트린다미어 장인랭킹 1등],https://www.youtube.com/channel/UCu-taZbnIJlDTkTY_nhqjEg,유튜브 김재혁,https://op.gg/summoner/userName=유튜브 김재혁
42,김재혁TV [트린다미어 장인랭킹 1등],https://www.youtube.com/channel/UCu-taZbnIJlDTkTY_nhqjEg,트린다미혁,https://op.gg/summoner/userName=트린다미혁
43,클라스 TV,https://www.youtube.com/channel/UCM3JwqwvLHBsJXz4MjMfYBg,Douglas Killer,https://op.gg/summoner/userName=Douglas Killer
44,진그리롤,https://www.youtube.com/channel/UCWrRHCMPT1QekfTObvF-ogQ,쉬바나장인,https://op.gg/summoner/userName=쉬바나장인
45,진그리롤,https://www.youtube.com/channel/UCWrRHCMPT1QekfTObvF-ogQ,유튜브진그리롤,https://op.gg/summoner/userName=유튜브진그리롤
46,율천고최현우,https://www.youtube.com/channel/UCDvxB8XY9DOwYz1AI7B1PUA,ZED99,https://op.gg/summoner/userName=ZED99
47,율천고최현우,https://www.youtube.com/channel/UCDvxB8XY9DOwYz1AI7B1PUA,율천고 최현우,https://op.gg/summoner/userName=율천고 최현우
48,위즐링,https://www.youtube.com/channel/UCxwqnpN1G_roAm3t0vhfeZg,룬 마법사 주호민,https://op.gg/summoner/userName=룬 마법사 주호민
49,맛나는꼬꼬,https://www.youtube.com/channel/UCSTuWSKBNOqLHr7JsJ7smLw,아칼리 장인,https://op.gg/summoner/userName=아칼리 장인
50,맛나는꼬꼬,https://www.youtube.com/channel/UCSTuWSKBNOqLHr7JsJ7smLw,물개는 삐약삐약,https://op.gg/summoner/userName=물개는 삐약삐약
51,맛나는꼬꼬,https://www.youtube.com/channel/UCSTuWSKBNOqLHr7JsJ7smLw,빙제유기수,https://op.gg/summoner/userName=빙제유기수
52,샤코장인 코시,https://www.youtube.com/channel/UCC3h9Z5k5rNbCm9p27RV_Gg,장난을잘치는샤코,https://op.gg/summoner/userName=장난을잘치는샤코
53,샤코장인 코시,https://www.youtube.com/channel/UCC3h9Z5k5rNbCm9p27RV_Gg,티아멧 돌려줘,https://op.gg/summoner/userName=티아멧 돌려줘
54,필이TV,https://www.youtube.com/channel/UCDbDTqmevmeyymjXZZSgzKA,피오라맨,https://op.gg/summoner/userName=피오라맨
55,필이TV,https://www.youtube.com/channel/UCDbDTqmevmeyymjXZZSgzKA,llililiiiliIiI,https://op.gg/summoner/userName=llililiiiliIiI
56,필이TV,https://www.youtube.com/channel/UCDbDTqmevmeyymjXZZSgzKA,피오람,https://op.gg/summoner/userName=피오람
57,콘플,https://www.youtube.com/channel/UCfgtVvq7AmmyFoA8yDCBejg,천재적인 노력파,https://op.gg/summoner/userName=천재적인 노력파
58,콘플,https://www.youtube.com/channel/UCfgtVvq7AmmyFoA8yDCBejg,콘 플,https://op.gg/summoner/userName=콘 플
59,콘플,https://www.youtube.com/channel/UCfgtVvq7AmmyFoA8yDCBejg,콘치즈 좋아해,https://op.gg/summoner/userName=콘치즈 좋아해
60,대게Youtube,https://www.youtube.com/channel/UCgCffTU0ESGfxzmSH2kh2Rg,대 게,https://op.gg/summoner/userName=대 게
61,테디스틱Tv,https://www.youtube.com/channel/UCPtL_aSF4NT_pjCHfsmGBDA,맥콜 민초 솔의눈,https://op.gg/summoner/userName=맥콜 민초 솔의눈
62,테디스틱Tv,https://www.youtube.com/channel/UCPtL_aSF4NT_pjCHfsmGBDA,옘 뱅,https://op.gg/summoner/userName=옘 뱅
63,테디스틱Tv,https://www.youtube.com/channel/UCPtL_aSF4NT_pjCHfsmGBDA,진순 민초 부먹,https://op.gg/summoner/userName=진순 민초 부먹
64,김데데,https://www.youtube.com/channel/UC-9v2ASxz8f313YpiMF55eg,마라탕과민트초코,https://op.gg/summoner/userName=마라탕과민트초코
65,김데데,https://www.youtube.com/channel/UC-9v2ASxz8f313YpiMF55eg,햇님처럼빨간두볼,https://op.gg/summoner/userName=햇님처럼빨간두볼
66,김데데,https://www.youtube.com/channel/UC-9v2ASxz8f313YpiMF55eg,바늘도둑이성낸다,https://op.gg/summoner/userName=바늘도둑이성낸다
67,Evans TV,https://www.youtube.com/channel/UCLG6KU0xmZaZEj8jByz1hCQ,에반스빤쓔,https://op.gg/summoner/userName=에반스빤쓔
68,정글선생 진영준,https://www.youtube.com/channel/UCM81CAJ2_Y42-bvK1OQnAAA,자기야 불 끈다,https://op.gg/summoner/userName=자기야 불 끈다
69,정글선생 진영준,https://www.youtube.com/channel/UCM81CAJ2_Y42-bvK1OQnAAA,진영준,https://op.gg/summoner/userName=진영준
70,정글선생 진영준,https://www.youtube.com/channel/UCM81CAJ2_Y42-bvK1OQnAAA,심해탐사진영준,https://op.gg/summoner/userName=심해탐사진영준
71,캐인유튜브,https://www.youtube.com/channel/UC-8S20Ll1gzPiu_YY8BgyaQ,렝가는 캐인주의,https://op.gg/summoner/userName=렝가는 캐인주의
72,캐인유튜브,https://www.youtube.com/channel/UC-8S20Ll1gzPiu_YY8BgyaQ,zodls,https://op.gg/summoner/userName=zodls
73,캐인유튜브,https://www.youtube.com/channel/UC-8S20Ll1gzPiu_YY8BgyaQ,캐 인,https://op.gg/summoner/userName=캐 인
74,금명상,https://www.youtube.com/channel/UCt_f5vD1PTO1vLiI0tltIvg,금명상,https://op.gg/summoner/userName=금명상
75,고뇌 유튜브[Gotube],https://www.youtube.com/channel/UCfiarPVYi8ei4vZntToFYGg,롤은끝까지,https://op.gg/summoner/userName=롤은끝까지
76,고뇌 유튜브[Gotube],https://www.youtube.com/channel/UCfiarPVYi8ei4vZntToFYGg,고튜브보고올렸다,https://op.gg/summoner/userName=고튜브보고올렸다
77,고뇌 유튜브[Gotube],https://www.youtube.com/channel/UCfiarPVYi8ei4vZntToFYGg,고 뇌,https://op.gg/summoner/userName=고 뇌
78,고뇌 유튜브[Gotube],https://www.youtube.com/channel/UCfiarPVYi8ei4vZntToFYGg,고튜브,https://op.gg/summoner/userName=고튜브
79,파고 Phago,https://www.youtube.com/channel/UCGu7rquhKT_eULBD-dh0RQg,i am Phago,https://op.gg/summoner/userName=i am Phago
80,파고 Phago,https://www.youtube.com/channel/UCGu7rquhKT_eULBD-dh0RQg,양학고수,https://op.gg/summoner/userName=양학고수
81,파고 Phago,https://www.youtube.com/channel/UCGu7rquhKT_eULBD-dh0RQg,Youtube 파고,https://op.gg/summoner/userName=Youtube 파고
82,익산누누,https://www.youtube.com/channel/UCHCp9kW_lwH11XHBmr-mkxA,익산누누,https://op.gg/summoner/userName=익산누누
83,익산누누,https://www.youtube.com/channel/UCHCp9kW_lwH11XHBmr-mkxA,nunu2000,https://op.gg/summoner/userName=nunu2000
84,워윅의황제,https://www.youtube.com/channel/UCQ4YA6PJu_I76Q_UAdDgCTg,SKT T1 WARID,https://op.gg/summoner/userName=SKT T1 WARID
85,워윅의황제,https://www.youtube.com/channel/UCQ4YA6PJu_I76Q_UAdDgCTg,봉황열반,https://op.gg/summoner/userName=봉황열반
86,워윅의황제,https://www.youtube.com/channel/UCQ4YA6PJu_I76Q_UAdDgCTg,WICK99,https://op.gg/summoner/userName=WICK99
87,워윅의황제,https://www.youtube.com/channel/UCQ4YA6PJu_I76Q_UAdDgCTg,STEAK WARWICK,https://op.gg/summoner/userName=STEAK WARWICK
88,포베,https://www.youtube.com/channel/UCY4uIMjyliGg0Y6uSSBAQYg,야빡치냐,https://op.gg/summoner/userName=야빡치냐
89,포베,https://www.youtube.com/channel/UCY4uIMjyliGg0Y6uSSBAQYg,일란성쌍둥이,https://op.gg/summoner/userName=일란성쌍둥이
90,포베,https://www.youtube.com/channel/UCY4uIMjyliGg0Y6uSSBAQYg,야꼴받냐,https://op.gg/summoner/userName=야꼴받냐
91,코크유튜브,https://www.youtube.com/channel/UCPoWn58htiBko96Ploh_r9Q,내 배에서 정모중,https://op.gg/summoner/userName=내 배에서 정모중
92,코크유튜브,https://www.youtube.com/channel/UCPoWn58htiBko96Ploh_r9Q,S급라인전유저,https://op.gg/summoner/userName=S급라인전유저
93,시간의 숲,https://www.youtube.com/channel/UCyfg0TBg4jwIqnX3uNADnhg,시간의 숲,https://op.gg/summoner/userName=시간의 숲
94,시간의 숲,https://www.youtube.com/channel/UCyfg0TBg4jwIqnX3uNADnhg,lIllllIlIlIllIl,https://op.gg/summoner/userName=lIllllIlIlIllIl
95,시간의 숲,https://www.youtube.com/channel/UCyfg0TBg4jwIqnX3uNADnhg,눈사람은 추워 XD,https://op.gg/summoner/userName=눈사람은 추워 XD
96,시간의 숲,https://www.youtube.com/channel/UCyfg0TBg4jwIqnX3uNADnhg,삡 스,https://op.gg/summoner/userName=삡 스
97,시간의 숲,https://www.youtube.com/channel/UCyfg0TBg4jwIqnX3uNADnhg,눈사람 정승환,https://op.gg/summoner/userName=눈사람 정승환
98,쏘핫트,https://www.youtube.com/channel/UCZXWb_78BrkjpsLHv2bJhUw,내가 예뻐진 이유,https://op.gg/summoner/userName=내가 예뻐진 이유
99,쏘핫트,https://www.youtube.com/channel/UCZXWb_78BrkjpsLHv2bJhUw,삼겹살김치볶음밥,https://op.gg/summoner/userName=삼겹살김치볶음밥
100,쏘핫트,https://www.youtube.com/channel/UCZXWb_78BrkjpsLHv2bJhUw,어른이 된다는 게,https://op.gg/summoner/userName=어른이 된다는 게
101,쏘핫트,https://www.youtube.com/channel/UCZXWb_78BrkjpsLHv2bJhUw,쏘호우핫트,https://op.gg/summoner/userName=쏘호우핫트
102,트린장로,https://www.youtube.com/channel/UCN_ZT0_5Hmb3B6hLvffd-ow,재찬짱,https://op.gg/summoner/userName=재찬짱
103,트린장로,https://www.youtube.com/channel/UCN_ZT0_5Hmb3B6hLvffd-ow,햇살 비,https://op.gg/summoner/userName=햇살 비
104,용주TV,https://www.youtube.com/channel/UC1BIdZyhmHeSleUpIS3o6Ew,Illlilliliiilil,https://op.gg/summoner/userName=Illlilliliiilil
105,용주TV,https://www.youtube.com/channel/UC1BIdZyhmHeSleUpIS3o6Ew,내셔피즈장인,https://op.gg/summoner/userName=내셔피즈장인
106,호희Hohee Kayle,https://www.youtube.com/channel/UCJ3gOSW6w_lMAt_DaebPXPA,락곤희,https://op.gg/summoner/userName=락곤희
107,호희Hohee Kayle,https://www.youtube.com/channel/UCJ3gOSW6w_lMAt_DaebPXPA,호 희,https://op.gg/summoner/userName=호 희
108,이석희,https://www.youtube.com/channel/UCzXFRIEL-rOtqyZkihPKXJA,데스노트,https://op.gg/summoner/userName=데스노트
109,이석희,https://www.youtube.com/channel/UCzXFRIEL-rOtqyZkihPKXJA,승급실패한사람,https://op.gg/summoner/userName=승급실패한사람
110,Mito,https://www.youtube.com/channel/UCvWctkO3zKQ857xFqFgxPig,모두가원하는궁각,https://op.gg/summoner/userName=모두가원하는궁각
111,Mito,https://www.youtube.com/channel/UCvWctkO3zKQ857xFqFgxPig,미 토,https://op.gg/summoner/userName=미 토
112,Mito,https://www.youtube.com/channel/UCvWctkO3zKQ857xFqFgxPig,더높은곳으로비상,https://op.gg/summoner/userName=더높은곳으로비상
113,아라미누나,https://www.youtube.com/channel/UCG--USh94-JmQJaa8pKpXTg,BJ 설사,https://op.gg/summoner/userName=BJ 설사
114,아라미누나,https://www.youtube.com/channel/UCG--USh94-JmQJaa8pKpXTg,KR Araminuna,https://op.gg/summoner/userName=KR Araminuna
115,아라미누나,https://www.youtube.com/channel/UCG--USh94-JmQJaa8pKpXTg,욕설녀,https://op.gg/summoner/userName=욕설녀
116,아라미누나,https://www.youtube.com/channel/UCG--USh94-JmQJaa8pKpXTg,HAHAHAHAHAXD,https://op.gg/summoner/userName=HAHAHAHAHAXD
117,이야공,https://www.youtube.com/channel/UCXsHoowVmUvXMgYJb0KNYrw,수고했다 이야공,https://op.gg/summoner/userName=수고했다 이야공
118,이야공,https://www.youtube.com/channel/UCXsHoowVmUvXMgYJb0KNYrw,103230739del,https://op.gg/summoner/userName=103230739del
119,이야공,https://www.youtube.com/channel/UCXsHoowVmUvXMgYJb0KNYrw,Ay Nogg,https://op.gg/summoner/userName=Ay Nogg
120,정연이,https://www.youtube.com/channel/UC4tFNDf2XFboVzJMX809gvQ,정연인아가야,https://op.gg/summoner/userName=정연인아가야
121,요니Yony,https://www.youtube.com/channel/UC0Kw1DLiKQuOUKf2PZgbaYQ,욘욘죽겠지,https://op.gg/summoner/userName=욘욘죽겠지
122,요니Yony,https://www.youtube.com/channel/UC0Kw1DLiKQuOUKf2PZgbaYQ,욘욘죽겠지욘,https://op.gg/summoner/userName=욘욘죽겠지욘
123,아라드,https://www.youtube.com/channel/UCuGBvcOOIxC9XK4sXtaLFyg,아라드,https://op.gg/summoner/userName=아라드
124,어니우기,https://www.youtube.com/user/stellar028,언니우기,https://op.gg/summoner/userName=언니우기
125,어니우기,https://www.youtube.com/user/stellar028,모찌 우기,https://op.gg/summoner/userName=모찌 우기
126,세르델TV,https://www.youtube.com/channel/UCnTj7K58wKjjX7CMYY7hZ7w,KDA1점대인사람,https://op.gg/summoner/userName=KDA1점대인사람
127,세르델TV,https://www.youtube.com/channel/UCnTj7K58wKjjX7CMYY7hZ7w,겨울지나봄이오듯,https://op.gg/summoner/userName=겨울지나봄이오듯
128,갓키형,https://www.youtube.com/channel/UCU9Wa6rG3HTKAzM8dUl-TZA,do not ping top,https://op.gg/summoner/userName=do not ping top
129,갓키형,https://www.youtube.com/channel/UCU9Wa6rG3HTKAzM8dUl-TZA,기도하는 탑,https://op.gg/summoner/userName=기도하는 탑
130,갓키형,https://www.youtube.com/channel/UCU9Wa6rG3HTKAzM8dUl-TZA,변비걸린탑,https://op.gg/summoner/userName=변비걸린탑
131,김똘빈,https://www.youtube.com/channel/UCZoPR8jaHlvqfTbMh_YZ0dw,얍삽한 새끼,https://op.gg/summoner/userName=얍삽한 새끼
132,김똘빈,https://www.youtube.com/channel/UCZoPR8jaHlvqfTbMh_YZ0dw,모짜렐라슈나이져,https://op.gg/summoner/userName=모짜렐라슈나이져
133,김똘빈,https://www.youtube.com/channel/UCZoPR8jaHlvqfTbMh_YZ0dw,김똘빈,https://op.gg/summoner/userName=김똘빈
134,공사현장TV,https://www.youtube.com/user/Gongsa04,공사현장,https://op.gg/summoner/userName=공사현장
135,강블린,https://www.youtube.com/channel/UC-WJdJAq4S4EK1x3StaKKng,llililillliilll,https://op.gg/summoner/userName=llililillliilll
136,강블린,https://www.youtube.com/channel/UC-WJdJAq4S4EK1x3StaKKng,강블린,https://op.gg/summoner/userName=강블린
137,소로,https://www.youtube.com/channel/UCjj0BlV0JidDaHtlGWBsJIQ,고졸19세모솔백수,https://op.gg/summoner/userName=고졸19세모솔백수
138,소로,https://www.youtube.com/channel/UCjj0BlV0JidDaHtlGWBsJIQ,SORO3251,https://op.gg/summoner/userName=SORO3251
139,소로,https://www.youtube.com/channel/UCjj0BlV0JidDaHtlGWBsJIQ,닝동하잉,https://op.gg/summoner/userName=닝동하잉
140,베라스,https://www.youtube.com/channel/UCwGY1JXSbuj6AXazw7usnXA,youtube 베라스,https://op.gg/summoner/userName=youtube 베라스
141,베라스,https://www.youtube.com/channel/UCwGY1JXSbuj6AXazw7usnXA,세발낙지베라스,https://op.gg/summoner/userName=세발낙지베라스
142,철이럼블,https://www.youtube.com/channel/UCeUzlroXQKxlKZD80Cjt2GA,유튜브 철이럼블,https://op.gg/summoner/userName=유튜브 철이럼블
143,철이럼블,https://www.youtube.com/channel/UCeUzlroXQKxlKZD80Cjt2GA,철이럼블,https://op.gg/summoner/userName=철이럼블
144,율드댕tv,https://www.youtube.com/channel/UCFqUTFhUAQS1kJhKBR4T6Tg,DWG율드댕,https://op.gg/summoner/userName=DWG율드댕
145,율드댕tv,https://www.youtube.com/channel/UCFqUTFhUAQS1kJhKBR4T6Tg,귀멸의요네짱,https://op.gg/summoner/userName=귀멸의요네짱
146,율드댕tv,https://www.youtube.com/channel/UCFqUTFhUAQS1kJhKBR4T6Tg,dbfemeod,https://op.gg/summoner/userName=dbfemeod
147,이성진TV,https://www.youtube.com/channel/UCjVL_Y_0u4RgzwMn7lLMXug,BJ서준석사생팬,https://op.gg/summoner/userName=BJ서준석사생팬
148,이성진TV,https://www.youtube.com/channel/UCjVL_Y_0u4RgzwMn7lLMXug,머선일이농,https://op.gg/summoner/userName=머선일이농
149,군밤갓,https://www.youtube.com/channel/UCWJF5hb4jkXGRYr1nrbHC4Q,혀늬요정,https://op.gg/summoner/userName=혀늬요정
150,군밤갓,https://www.youtube.com/channel/UCWJF5hb4jkXGRYr1nrbHC4Q,군밤왕,https://op.gg/summoner/userName=군밤왕
151,군밤갓,https://www.youtube.com/channel/UCWJF5hb4jkXGRYr1nrbHC4Q,군밤군밤,https://op.gg/summoner/userName=군밤군밤
152,띵띵태TV,https://www.youtube.com/channel/UCSoVD6VZ5mnPnH6K-RYB_8A,띵띵태,https://op.gg/summoner/userName=띵띵태
153,쌀튜브 Thal YouTube,https://www.youtube.com/channel/UCoYFo-lRD3pchMUtsBcEbOA,ThallahT,https://op.gg/summoner/userName=ThallahT
154,견제견제,https://www.youtube.com/channel/UCHn9FReYby2ucoKZJQ5FbrA,견제견제,https://op.gg/summoner/userName=견제견제
155,소미라,https://www.youtube.com/channel/UCXQg44Sh1jDp8Sqau4We-4A,당신이나잘하세요,https://op.gg/summoner/userName=당신이나잘하세요
156,즈려 Z RYEO,https://www.youtube.com/channel/UCSeeBGeTa-e7hcZKX2esiZg,괴물사냥꾼패치좀,https://op.gg/summoner/userName=괴물사냥꾼패치좀
157,즈려 Z RYEO,https://www.youtube.com/channel/UCSeeBGeTa-e7hcZKX2esiZg,Z RyeoKR,https://op.gg/summoner/userName=Z RyeoKR
158,즈려 Z RYEO,https://www.youtube.com/channel/UCSeeBGeTa-e7hcZKX2esiZg,Z RyeoKOR,https://op.gg/summoner/userName=Z RyeoKOR
159,feviknight,https://www.youtube.com/channel/UCW7WDwN4wIglKiH7TTRoBbA,feviknight,https://op.gg/summoner/userName=feviknight
160,럼블장인 강밍고,https://www.youtube.com/channel/UCO2Ti9TlXHTyzGIHJM_O94w,열관리못함,https://op.gg/summoner/userName=열관리못함
161,럼블장인 강밍고,https://www.youtube.com/channel/UCO2Ti9TlXHTyzGIHJM_O94w,힙합힙합,https://op.gg/summoner/userName=힙합힙합
162,럼블장인 강밍고,https://www.youtube.com/channel/UCO2Ti9TlXHTyzGIHJM_O94w,강밍고,https://op.gg/summoner/userName=강밍고
163,문타 MoonTa,https://www.youtube.com/channel/UCfrs2fY0ql_xAY6fJ2AObmg,문어속타코야키,https://op.gg/summoner/userName=문어속타코야키
164,문타 MoonTa,https://www.youtube.com/channel/UCfrs2fY0ql_xAY6fJ2AObmg,문어왕타코야키,https://op.gg/summoner/userName=문어왕타코야키
165,TV스크래치,https://www.youtube.com/channel/UCC8n5kDEUdkbs8DhcsFbOWA,해쉬스웨인,https://op.gg/summoner/userName=해쉬스웨인
166,TV스크래치,https://www.youtube.com/channel/UCC8n5kDEUdkbs8DhcsFbOWA,swain,https://op.gg/summoner/userName=swain
167,판창인생김판테,https://www.youtube.com/channel/UCWOPIuPXGuRk7FBUtbcK0LA,김판테아님,https://op.gg/summoner/userName=김판테아님
168,판창인생김판테,https://www.youtube.com/channel/UCWOPIuPXGuRk7FBUtbcK0LA,다리필밴,https://op.gg/summoner/userName=다리필밴
169,괴물쥐 유튜브,https://www.youtube.com/channel/UCDBAVzfX3yZ1hah0FHnOoaA,괴물쥐,https://op.gg/summoner/userName=괴물쥐
170,악시,https://www.youtube.com/channel/UC58e7PIf49oMlDljMFPSy0w,axiyo,https://op.gg/summoner/userName=axiyo
171,악시,https://www.youtube.com/channel/UC58e7PIf49oMlDljMFPSy0w,릴리아만큼잘재움,https://op.gg/summoner/userName=릴리아만큼잘재움
172,악시,https://www.youtube.com/channel/UC58e7PIf49oMlDljMFPSy0w,애긔렙미짱,https://op.gg/summoner/userName=애긔렙미짱
173,악시,https://www.youtube.com/channel/UC58e7PIf49oMlDljMFPSy0w,악튜브구독좋아요,https://op.gg/summoner/userName=악튜브구독좋아요
174,IVERNMAN,https://www.youtube.com/channel/UCzVaUVPRNz1FIn8lbZTB6bA,아이번맨2,https://op.gg/summoner/userName=아이번맨2
175,IVERNMAN,https://www.youtube.com/channel/UCzVaUVPRNz1FIn8lbZTB6bA,아이번맨3,https://op.gg/summoner/userName=아이번맨3
176,피닉스박,https://www.youtube.com/channel/UCZ6IM7_T-bCmr_7DgAKjYxg,페이커,https://op.gg/summoner/userName=페이커
177,챌린저 정글블루리쉬,https://www.youtube.com/channel/UCCq2-jRbuZ4VtoL3qDSBRKA,핑을안듣는블루,https://op.gg/summoner/userName=핑을안듣는블루
178,챌린저 정글블루리쉬,https://www.youtube.com/channel/UCCq2-jRbuZ4VtoL3qDSBRKA,블루리쉬잘해요,https://op.gg/summoner/userName=블루리쉬잘해요
179,챌린저 정글블루리쉬,https://www.youtube.com/channel/UCCq2-jRbuZ4VtoL3qDSBRKA,레드리쉬잘해요,https://op.gg/summoner/userName=레드리쉬잘해요
180,챌린저 정글블루리쉬,https://www.youtube.com/channel/UCCq2-jRbuZ4VtoL3qDSBRKA,레탈,https://op.gg/summoner/userName=레탈
181,수노공TV,https://www.youtube.com/channel/UCjiYAXNY89fo_T8VSrPGivQ,수노공,https://op.gg/summoner/userName=수노공
182,병찬이유튜브,https://www.youtube.com/channel/UCQE0YC61bh38NSiywV7TQ0Q,킹찬이구른다,https://op.gg/summoner/userName=킹찬이구른다
183,병찬이유튜브,https://www.youtube.com/channel/UCQE0YC61bh38NSiywV7TQ0Q,병찬그리고신,https://op.gg/summoner/userName=병찬그리고신
184,병찬이유튜브,https://www.youtube.com/channel/UCQE0YC61bh38NSiywV7TQ0Q,병찬이구른댜,https://op.gg/summoner/userName=병찬이구른댜
185,여왕럭스,https://www.youtube.com/channel/UCK42N3MyEcUFkV74Em6jRkg,미연이노예,https://op.gg/summoner/userName=미연이노예
186,여왕럭스,https://www.youtube.com/channel/UCK42N3MyEcUFkV74Em6jRkg,del1912392342,https://op.gg/summoner/userName=del1912392342
187,여왕럭스,https://www.youtube.com/channel/UCK42N3MyEcUFkV74Em6jRkg,달빛여왕럭스,https://op.gg/summoner/userName=달빛여왕럭스
188,에프람,https://www.youtube.com/channel/UCVgTydj9KUfDm_qmXPtx0FA,서폿캐리너무쉬워,https://op.gg/summoner/userName=서폿캐리너무쉬워
189,눈가루TV,https://www.youtube.com/channel/UCAXuZuWLv9oLq6SEXnOppNA,가루눈Owo,https://op.gg/summoner/userName=가루눈Owo
190,눈가루TV,https://www.youtube.com/channel/UCAXuZuWLv9oLq6SEXnOppNA,RationaI Man,https://op.gg/summoner/userName=RationaI Man
191,눈가루TV,https://www.youtube.com/channel/UCAXuZuWLv9oLq6SEXnOppNA,물가루,https://op.gg/summoner/userName=물가루
192,앰비션 유튜브 [AMTUBE],https://www.youtube.com/channel/UCHYMpkGhNIr8A0m2H3lIjUA,maengsdog,https://op.gg/summoner/userName=maengsdog
193,MadLife TV,https://www.youtube.com/channel/UCj1RW5MrOLh_VrX3yHF_yow,귀살대홍민기,https://op.gg/summoner/userName=귀살대홍민기
194,MadLife TV,https://www.youtube.com/channel/UCj1RW5MrOLh_VrX3yHF_yow,내그랩은살인이다,https://op.gg/summoner/userName=내그랩은살인이다
195,프레이 TV,https://www.youtube.com/channel/UCSzHok6X5qXEO7cjvVnE62g,죽기장인,https://op.gg/summoner/userName=죽기장인
196,프레이 TV,https://www.youtube.com/channel/UCSzHok6X5qXEO7cjvVnE62g,돌아다니는사이온,https://op.gg/summoner/userName=돌아다니는사이온
197,이석현,https://www.youtube.com/channel/UCVZI7eLie2UlZph6aiBRNrw,캬밀킥,https://op.gg/summoner/userName=캬밀킥
198,호진,https://www.youtube.com/channel/UCZZEgBpbLP0ILVc4nGg39-w,2hojin,https://op.gg/summoner/userName=2hojin
199,호진,https://www.youtube.com/channel/UCZZEgBpbLP0ILVc4nGg39-w,나는신기한거한다,https://op.gg/summoner/userName=나는신기한거한다
200,호진,https://www.youtube.com/channel/UCZZEgBpbLP0ILVc4nGg39-w,픽은자유다,https://op.gg/summoner/userName=픽은자유다
201,백크 Baekk,https://www.youtube.com/channel/UCugNO83_V7xZLzCsjpABGeg,topppppppppppp,https://op.gg/summoner/userName=topppppppppppp
202,백크 Baekk,https://www.youtube.com/channel/UCugNO83_V7xZLzCsjpABGeg,요붕도1,https://op.gg/summoner/userName=요붕도1
203,백크 Baekk,https://www.youtube.com/channel/UCugNO83_V7xZLzCsjpABGeg,백 훈,https://op.gg/summoner/userName=백 훈
204,종탁이,https://www.youtube.com/channel/UC7uyuLAA9z8GKxnSkb9KRtw,심사롭지않아,https://op.gg/summoner/userName=심사롭지않아
205,종탁이,https://www.youtube.com/channel/UC7uyuLAA9z8GKxnSkb9KRtw,말안해도알G,https://op.gg/summoner/userName=말안해도알G
206,종탁이,https://www.youtube.com/channel/UC7uyuLAA9z8GKxnSkb9KRtw,펭비,https://op.gg/summoner/userName=펭비
207,수찬,https://www.youtube.com/channel/UCLm0fAzu27N2aSd3lHsy2zQ,화려한솔로킬,https://op.gg/summoner/userName=화려한솔로킬
208,수찬,https://www.youtube.com/channel/UCLm0fAzu27N2aSd3lHsy2zQ,FPX sugurl,https://op.gg/summoner/userName=FPX sugurl
209,수찬,https://www.youtube.com/channel/UCLm0fAzu27N2aSd3lHsy2zQ,have a head mind,https://op.gg/summoner/userName=have a head mind
210,뜨샤,https://www.youtube.com/channel/UC1rnPxIykNwXkyMEiv4H7yQ,llilliliil,https://op.gg/summoner/userName=llilliliil
211,뜨샤,https://www.youtube.com/channel/UC1rnPxIykNwXkyMEiv4H7yQ,youtube뜨샤,https://op.gg/summoner/userName=youtube뜨샤
212,뜨샤,https://www.youtube.com/channel/UC1rnPxIykNwXkyMEiv4H7yQ,뜨세돌,https://op.gg/summoner/userName=뜨세돌
213,빵재애오,https://www.youtube.com/channel/UC0Db68EnP0hVureqj_sOjvg,낡은 기억 속으로,https://op.gg/summoner/userName=낡은 기억 속으로
214,빵재애오,https://www.youtube.com/channel/UC0Db68EnP0hVureqj_sOjvg,모쏠아싸히키백수,https://op.gg/summoner/userName=모쏠아싸히키백수
215,빵재애오,https://www.youtube.com/channel/UC0Db68EnP0hVureqj_sOjvg,즐겜필승빡겜필패,https://op.gg/summoner/userName=즐겜필승빡겜필패
216,빵재애오,https://www.youtube.com/channel/UC0Db68EnP0hVureqj_sOjvg,빵재,https://op.gg/summoner/userName=빵재
217,물다이아 & 불다이아,https://www.youtube.com/channel/UCe8YEoKunUWyVQQIGeGa-Dg,물다야제맛,https://op.gg/summoner/userName=물다야제맛
218,물다이아 & 불다이아,https://www.youtube.com/channel/UCe8YEoKunUWyVQQIGeGa-Dg,불다이아123,https://op.gg/summoner/userName=불다이아123
219,딩거는 세체딩,https://www.youtube.com/channel/UCuVKjXpefcrZAGNUcZpzDaw,세체딩,https://op.gg/summoner/userName=세체딩
220,딩신TV,https://www.youtube.com/channel/UCjr9NVxYsk4VsgO1q0ht1Cg,요릭원챔충,https://op.gg/summoner/userName=요릭원챔충
221,TV라간,https://www.youtube.com/channel/UCqJB7rKizLzFYy2t_2rGahw,라간TV보약쩐다,https://op.gg/summoner/userName=라간TV보약쩐다
222,TV라간,https://www.youtube.com/channel/UCqJB7rKizLzFYy2t_2rGahw,강찬밥의그남자,https://op.gg/summoner/userName=강찬밥의그남자
223,TV라간,https://www.youtube.com/channel/UCqJB7rKizLzFYy2t_2rGahw,틀탑라간,https://op.gg/summoner/userName=틀탑라간
224,서포터초아,https://www.youtube.com/channel/UCMNjGXw_KOEihDP0Zdq2pxQ,서포터초아,https://op.gg/summoner/userName=서포터초아
225,새루 유튜브/SaeRu YouTube,https://www.youtube.com/channel/UCzZepWSPs2VCpCirB3zGgtw,새루에요,https://op.gg/summoner/userName=새루에요
226,새루 유튜브/SaeRu YouTube,https://www.youtube.com/channel/UCzZepWSPs2VCpCirB3zGgtw,블믜,https://op.gg/summoner/userName=블믜
227,새루 유튜브/SaeRu YouTube,https://www.youtube.com/channel/UCzZepWSPs2VCpCirB3zGgtw,새루,https://op.gg/summoner/userName=새루
228,개인팟,https://www.youtube.com/channel/UCIBoeAMqlic3emU6_crV9Vw,개인팟,https://op.gg/summoner/userName=개인팟
229,개인팟,https://www.youtube.com/channel/UCIBoeAMqlic3emU6_crV9Vw,길짱의모험,https://op.gg/summoner/userName=길짱의모험
230,신버니 [뉴메타 서포터채널],https://www.youtube.com/channel/UCyQGr2nhHrapsBZ5o6Xwcng,신버니,https://op.gg/summoner/userName=신버니
231,서포터 라콩,https://www.youtube.com/channel/UC8x8GQmlxAIhHxzU61z0uLQ,개쩌는서포터,https://op.gg/summoner/userName=개쩌는서포터
232,서포터 라콩,https://www.youtube.com/channel/UC8x8GQmlxAIhHxzU61z0uLQ,이거서포터맞아여,https://op.gg/summoner/userName=이거서포터맞아여
233,소라튜브SoraTube,https://www.youtube.com/channel/UCI4wEWWBEElIbp9jHcFllTw,이즈는똥이야,https://op.gg/summoner/userName=이즈는똥이야
234,소라튜브SoraTube,https://www.youtube.com/channel/UCI4wEWWBEElIbp9jHcFllTw,기본정글3렙차이,https://op.gg/summoner/userName=기본정글3렙차이
235,소라튜브SoraTube,https://www.youtube.com/channel/UCI4wEWWBEElIbp9jHcFllTw,이즈리얼개못해,https://op.gg/summoner/userName=이즈리얼개못해
236,소라튜브SoraTube,https://www.youtube.com/channel/UCI4wEWWBEElIbp9jHcFllTw,흑인바비인형,https://op.gg/summoner/userName=흑인바비인형
237,소라튜브SoraTube,https://www.youtube.com/channel/UCI4wEWWBEElIbp9jHcFllTw,이즈리얼은똥챔,https://op.gg/summoner/userName=이즈리얼은똥챔
238,렝 황,https://www.youtube.com/channel/UCX6Q1YkgG-GaxVbvlLU4tvQ,렝 황,https://op.gg/summoner/userName=렝 황
239,렝 황,https://www.youtube.com/channel/UCX6Q1YkgG-GaxVbvlLU4tvQ,편안하면 약해질 뿐이다,https://op.gg/summoner/userName=편안하면 약해질 뿐이다
240,세체뽀,https://www.youtube.com/channel/UCz_7dm5JRPnFWDWY2WW9ldw,칼과창방패,https://op.gg/summoner/userName=칼과창방패
241,세체뽀,https://www.youtube.com/channel/UCz_7dm5JRPnFWDWY2WW9ldw,으으으으으아아악,https://op.gg/summoner/userName=으으으으으아아악
242,세체뽀,https://www.youtube.com/channel/UCz_7dm5JRPnFWDWY2WW9ldw,롤이재미있음,https://op.gg/summoner/userName=롤이재미있음
243,세체뽀,https://www.youtube.com/channel/UCz_7dm5JRPnFWDWY2WW9ldw,아무도모름12,https://op.gg/summoner/userName=아무도모름12
244,세체뽀,https://www.youtube.com/channel/UCz_7dm5JRPnFWDWY2WW9ldw,내소원은챌린저,https://op.gg/summoner/userName=내소원은챌린저
245,레고77 TV,https://www.youtube.com/channel/UCw9fP0nSoUygLDmvV1GdAZw,난브론즈아기고양,https://op.gg/summoner/userName=난브론즈아기고양
246,레고77 TV,https://www.youtube.com/channel/UCw9fP0nSoUygLDmvV1GdAZw,lego77,https://op.gg/summoner/userName=lego77
247,개죽이,https://www.youtube.com/channel/UCYpI_NpL0fDo3ZZadOFX2Yw,괄도비넴띤,https://op.gg/summoner/userName=괄도비넴띤
248,양여명,https://www.youtube.com/channel/UC5VM1QLizc1c0lt89oRdEuQ,양여명,https://op.gg/summoner/userName=양여명
249,양여명,https://www.youtube.com/channel/UC5VM1QLizc1c0lt89oRdEuQ,okkorea,https://op.gg/summoner/userName=okkorea
250,양여명,https://www.youtube.com/channel/UC5VM1QLizc1c0lt89oRdEuQ,스누피808,https://op.gg/summoner/userName=스누피808
251,Rootube 노루,https://www.youtube.com/channel/UCTbwgCCBrI-4XU8b5B0uGPg,레게노 루,https://op.gg/summoner/userName=레게노 루
252,꾸르,https://www.youtube.com/channel/UCEW6Spfk9GRSlKGvLFvET_Q,시즌6부터 롤함,https://op.gg/summoner/userName=시즌6부터 롤함
253,꾸르,https://www.youtube.com/channel/UCEW6Spfk9GRSlKGvLFvET_Q,안웃으면던진다,https://op.gg/summoner/userName=안웃으면던진다
254,콤보용,https://www.youtube.com/channel/UCkN71z1sTxocUqazoLsMxmQ,rezolC,https://op.gg/summoner/userName=rezolC
255,똘킹 ,https://www.youtube.com/channel/UCnQRkIhRmXrxGrK4-8n-lVw,IlIlllIIIlllIIl,https://op.gg/summoner/userName=IlIlllIIIlllIIl
256,릉빵이 유튜브 [LEUNGTUBE],https://www.youtube.com/channel/UCHK-FRuAjk8g798dD7L7xqA,릉빵맨,https://op.gg/summoner/userName=릉빵맨
257,릉빵이 유튜브 [LEUNGTUBE],https://www.youtube.com/channel/UCHK-FRuAjk8g798dD7L7xqA,릉빵이 유튜브,https://op.gg/summoner/userName=릉빵이 유튜브
258,해녹YouTube,https://www.youtube.com/channel/UCWJ5nLWh49M2FovMhjnwTFA,카사딘제발버프좀,https://op.gg/summoner/userName=카사딘제발버프좀
259,우주최강올라프,https://www.youtube.com/channel/UC1l5wmXjrQ1COW8_kDtNtiQ,식빵혐오자,https://op.gg/summoner/userName=식빵혐오자
260,우주최강올라프,https://www.youtube.com/channel/UC1l5wmXjrQ1COW8_kDtNtiQ,우주최강올라프,https://op.gg/summoner/userName=우주최강올라프
261,Shen남진,https://www.youtube.com/channel/UChr1KQnUcHAJbPlSYJUeJIA,탐스러운크기,https://op.gg/summoner/userName=탐스러운크기
262,애디,https://www.youtube.com/channel/UCQS0283wg3Sz8tXWlwwIwyQ,애디는 못말려,https://op.gg/summoner/userName=애디는 못말려
263,쓸마,https://www.youtube.com/channel/UC97St-7e4M46-alaomhgwUA,마이만한다아이가,https://op.gg/summoner/userName=마이만한다아이가
264,쓸마,https://www.youtube.com/channel/UC97St-7e4M46-alaomhgwUA,쓸마,https://op.gg/summoner/userName=쓸마
265,쓸마,https://www.youtube.com/channel/UC97St-7e4M46-alaomhgwUA,알파판정실화냐,https://op.gg/summoner/userName=알파판정실화냐
266,St4y 스테이,https://www.youtube.com/channel/UC1UtimqTCgBv2to4togsqAA,IlIlIIIIIIIlIlI,https://op.gg/summoner/userName=IlIlIIIIIIIlIlI
267,킬폭,https://www.youtube.com/channel/UCNzm8f1acf0yb5i79yqWNKw,Ekko17,https://op.gg/summoner/userName=Ekko17
268,킬폭,https://www.youtube.com/channel/UCNzm8f1acf0yb5i79yqWNKw,킬 폭,https://op.gg/summoner/userName=킬 폭
269,Urgot Diamond2,https://www.youtube.com/channel/UCxjsRxtmSbhscUK8eYrljeg,이곳저곳송곳밟은우르곳,https://op.gg/summoner/userName=이곳저곳송곳밟은우르곳
270,Urgot Diamond2,https://www.youtube.com/channel/UCxjsRxtmSbhscUK8eYrljeg,After Effects CS,https://op.gg/summoner/userName=After Effects CS
271,GTT ,https://www.youtube.com/channel/UCAJAJ9bAvfjFLRrsqeumJIA,T1 YoRongRong,https://op.gg/summoner/userName=T1 YoRongRong
272,개랑이,https://www.youtube.com/user/ZangMungHa,말만 겁나 많은놈,https://op.gg/summoner/userName=말만 겁나 많은놈
273,개랑이,https://www.youtube.com/user/ZangMungHa,형 내가 더잘할게,https://op.gg/summoner/userName=형 내가 더잘할게
274,까부작GGATUBE,https://www.youtube.com/channel/UCtEsUYlCANa8vN4TJwuVZLQ,파괴의신말자하,https://op.gg/summoner/userName=파괴의신말자하
275,개구몽,https://www.youtube.com/user/myzet1990,도그홀,https://op.gg/summoner/userName=도그홀
276,해물파전,https://www.youtube.com/user/dlgksquf159,내머리빛나리,https://op.gg/summoner/userName=내머리빛나리
277,해물파전,https://www.youtube.com/user/dlgksquf159,고더쿠더쿠,https://op.gg/summoner/userName=고더쿠더쿠
278,텔론,https://www.youtube.com/user/xordn6579,빨간색노란티셔츠,https://op.gg/summoner/userName=빨간색노란티셔츠
279,텔론,https://www.youtube.com/user/xordn6579,애기상어레넥톤,https://op.gg/summoner/userName=애기상어레넥톤
280,산딕TV,https://www.youtube.com/channel/UCYwBnsizudABg7dINxxW3jA,잠깐만한대만,https://op.gg/summoner/userName=잠깐만한대만
281,산딕TV,https://www.youtube.com/channel/UCYwBnsizudABg7dINxxW3jA,유튜브채널명,https://op.gg/summoner/userName=유튜브채널명
282,인간젤리,https://www.youtube.com/channel/UCN8hAr9PSgY94RD6u7rZ_ig,JDG 인간젤리,https://op.gg/summoner/userName=JDG 인간젤리
283,인섹 유튜브 [inSec tube],https://www.youtube.com/channel/UCJya4-GyYqW4B6uXwB3ryMw,Choi inSec,https://op.gg/summoner/userName=Choi inSec
284,인섹 유튜브 [inSec tube],https://www.youtube.com/channel/UCJya4-GyYqW4B6uXwB3ryMw,2022Y 2M 28D,https://op.gg/summoner/userName=2022Y 2M 28D
285,Youtube천루,https://www.youtube.com/channel/UCBiNdzdlUSYDcz9nnSkopAQ,Isla,https://op.gg/summoner/userName=Isla
286,[비굿펄] 경희대 그랜드마스터 정글러,https://www.youtube.com/channel/UC2-8SGA9qExmk_5A0LXO6JQ,경완갓,https://op.gg/summoner/userName=경완갓
287,[비굿펄] 경희대 그랜드마스터 정글러,https://www.youtube.com/channel/UC2-8SGA9qExmk_5A0LXO6JQ,westcoastlov,https://op.gg/summoner/userName=westcoastlov
288,궁튜브GoongTube,https://www.youtube.com/channel/UC62qMewbOLcvg3cKC-wp-8A,goongtube,https://op.gg/summoner/userName=goongtube
289,궁튜브GoongTube,https://www.youtube.com/channel/UC62qMewbOLcvg3cKC-wp-8A,김궁,https://op.gg/summoner/userName=김궁
290,전민혁 ISLAND,https://www.youtube.com/channel/UCICgBxKjf_trQzN4bT1ek7w,공익 전민혁,https://op.gg/summoner/userName=공익 전민혁
291,전민혁 ISLAND,https://www.youtube.com/channel/UCICgBxKjf_trQzN4bT1ek7w,아트록스 전,https://op.gg/summoner/userName=아트록스 전
292,전민혁 ISLAND,https://www.youtube.com/channel/UCICgBxKjf_trQzN4bT1ek7w,전민혁,https://op.gg/summoner/userName=전민혁
293,선마TV,https://www.youtube.com/channel/UCGggk-R7V5muf-B3BwTvGCg,썬탠받은마스터이,https://op.gg/summoner/userName=썬탠받은마스터이
294,선마TV,https://www.youtube.com/channel/UCGggk-R7V5muf-B3BwTvGCg,선택받은마스터이,https://op.gg/summoner/userName=선택받은마스터이
295,GyuPac Riven KR,https://www.youtube.com/channel/UCaX4Q7_ek4pI0673DU34pcQ,폭쇄아규박,https://op.gg/summoner/userName=폭쇄아규박
296,GyuPac Riven KR,https://www.youtube.com/channel/UCaX4Q7_ek4pI0673DU34pcQ,잠만보1,https://op.gg/summoner/userName=잠만보1
297,GyuPac Riven KR,https://www.youtube.com/channel/UCaX4Q7_ek4pI0673DU34pcQ,순규박,https://op.gg/summoner/userName=순규박
298,GyuPac Riven KR,https://www.youtube.com/channel/UCaX4Q7_ek4pI0673DU34pcQ,바오자켈가 규박,https://op.gg/summoner/userName=바오자켈가 규박
299,GyuPac Riven KR,https://www.youtube.com/channel/UCaX4Q7_ek4pI0673DU34pcQ,조르딕 규박,https://op.gg/summoner/userName=조르딕 규박
300,GyuPac Riven KR,https://www.youtube.com/channel/UCaX4Q7_ek4pI0673DU34pcQ,zekrom1,https://op.gg/summoner/userName=zekrom1
301,GyuPac Riven KR,https://www.youtube.com/channel/UCaX4Q7_ek4pI0673DU34pcQ,규순박,https://op.gg/summoner/userName=규순박
302,서포터성훈,https://www.youtube.com/channel/UChG0xFLvU4_b_bQ_5QUWm_g,EEXEE,https://op.gg/summoner/userName=EEXEE
303,서포터성훈,https://www.youtube.com/channel/UChG0xFLvU4_b_bQ_5QUWm_g,concesslon,https://op.gg/summoner/userName=concesslon
304,오대관.Ohdaegwan,https://www.youtube.com/channel/UCSte5pmDOu551biM1de0IKA,다이나믹한인생,https://op.gg/summoner/userName=다이나믹한인생
305,견백Gyeon100,https://www.youtube.com/channel/UCrRK5aMPSKtAqEeA4KR1K9Q,안냐세염봐주세염,https://op.gg/summoner/userName=안냐세염봐주세염
306,견백Gyeon100,https://www.youtube.com/channel/UCrRK5aMPSKtAqEeA4KR1K9Q,견견백백,https://op.gg/summoner/userName=견견백백
307,견백Gyeon100,https://www.youtube.com/channel/UCrRK5aMPSKtAqEeA4KR1K9Q,gyeon100,https://op.gg/summoner/userName=gyeon100
308,견백Gyeon100,https://www.youtube.com/channel/UCrRK5aMPSKtAqEeA4KR1K9Q,견 백,https://op.gg/summoner/userName=견 백
309,거남TV,https://www.youtube.com/channel/UCNWUem6F-445ZMVuHekIRzw,상추v,https://op.gg/summoner/userName=상추v
310,거남TV,https://www.youtube.com/channel/UCNWUem6F-445ZMVuHekIRzw,v상추v,https://op.gg/summoner/userName=v상추v
311,개빡마,https://www.youtube.com/channel/UCPNqjvYTV-HbYmZ4PXaGeHw,앵그리마이,https://op.gg/summoner/userName=앵그리마이
312,개빡마,https://www.youtube.com/channel/UCPNqjvYTV-HbYmZ4PXaGeHw,liilkllliill,https://op.gg/summoner/userName=liilkllliill
313,프로즌케이,https://www.youtube.com/channel/UCy1adJdRx-jpl9AgO5IOAMA,내큐를바드삼,https://op.gg/summoner/userName=내큐를바드삼
314,프로즌케이,https://www.youtube.com/channel/UCy1adJdRx-jpl9AgO5IOAMA,프로즌 K,https://op.gg/summoner/userName=프로즌 K
315,프로즌케이,https://www.youtube.com/channel/UCy1adJdRx-jpl9AgO5IOAMA,yungasi,https://op.gg/summoner/userName=yungasi
316,돌카사,https://www.youtube.com/channel/UC0RKbJ4MdTBlgpyfhkmDgCA,살퀸레,https://op.gg/summoner/userName=살퀸레
317,채만준,https://www.youtube.com/channel/UCldUQoHR7pV6xrT4wm9lGdg,그라가스연구소,https://op.gg/summoner/userName=그라가스연구소
318,잭스병자TV,https://www.youtube.com/channel/UC-HzqHCbNBugWjd0sp8pvwA,징징거리는노진구,https://op.gg/summoner/userName=징징거리는노진구
319,잭스병자TV,https://www.youtube.com/channel/UC-HzqHCbNBugWjd0sp8pvwA,상동섹시킹,https://op.gg/summoner/userName=상동섹시킹
320,잭스병자TV,https://www.youtube.com/channel/UC-HzqHCbNBugWjd0sp8pvwA,bj잭스병자,https://op.gg/summoner/userName=bj잭스병자
321,곰 하는 남자,https://www.youtube.com/channel/UCUN6YsQqnZQxC9cy3Hj3Gcg,LittleDevilcy,https://op.gg/summoner/userName=LittleDevilcy
322,미니언고립,https://www.youtube.com/channel/UC3va6uBfoo3p_o96Ept-wlA,사회적고립두기,https://op.gg/summoner/userName=사회적고립두기
323,미니언고립,https://www.youtube.com/channel/UC3va6uBfoo3p_o96Ept-wlA,꾹꾸꺼꺾,https://op.gg/summoner/userName=꾹꾸꺼꺾
324,천꽃,https://www.youtube.com/channel/UC8sZ6SEnGrDTBGxDXqmxXTw,Twitch 천꽃,https://op.gg/summoner/userName=Twitch 천꽃
325,천꽃,https://www.youtube.com/channel/UC8sZ6SEnGrDTBGxDXqmxXTw,천 꽃,https://op.gg/summoner/userName=천 꽃
326,천꽃,https://www.youtube.com/channel/UC8sZ6SEnGrDTBGxDXqmxXTw,보 류,https://op.gg/summoner/userName=보 류
327,크림몬 [Creammon],https://www.youtube.com/channel/UCzG-OC1mVZRXEwJA-q8lW4A,BattIeQueen Kata,https://op.gg/summoner/userName=BattIeQueen Kata
328,크림몬 [Creammon],https://www.youtube.com/channel/UCzG-OC1mVZRXEwJA-q8lW4A,아칼리십고수,https://op.gg/summoner/userName=아칼리십고수
329,탑속사,https://www.youtube.com/channel/UCNs1wMxz2jVfwmtEaySsWug,롤개몬하는사람,https://op.gg/summoner/userName=롤개몬하는사람
330,탑속사,https://www.youtube.com/channel/UCNs1wMxz2jVfwmtEaySsWug,꿀벌속사정,https://op.gg/summoner/userName=꿀벌속사정
331,단순 DanSoon [ 단검에순보 ],https://www.youtube.com/channel/UCGioAbWuBB82prTUcSXYsqw,단검에 순보,https://op.gg/summoner/userName=단검에 순보
332,단순 DanSoon [ 단검에순보 ],https://www.youtube.com/channel/UCGioAbWuBB82prTUcSXYsqw,llIlIIllIIlIll,https://op.gg/summoner/userName=llIlIIllIIlIll
333,엄졸렬,https://www.youtube.com/channel/UC3_OhqdxCclzD4vexRT1BnQ,아파요오오,https://op.gg/summoner/userName=아파요오오
334,엄졸렬,https://www.youtube.com/channel/UC3_OhqdxCclzD4vexRT1BnQ,카사딘 생존,https://op.gg/summoner/userName=카사딘 생존
335,김리븐,https://www.youtube.com/user/SSF4MANIA,김라분,https://op.gg/summoner/userName=김라분
336,솔다Youtube,https://www.youtube.com/channel/UC1o8wgeiqUKvi7NRrHj88LQ,솔로다리우스,https://op.gg/summoner/userName=솔로다리우스
337,솔다Youtube,https://www.youtube.com/channel/UC1o8wgeiqUKvi7NRrHj88LQ,솔다,https://op.gg/summoner/userName=솔다
338,솔다Youtube,https://www.youtube.com/channel/UC1o8wgeiqUKvi7NRrHj88LQ,솔다 Youtube,https://op.gg/summoner/userName=솔다 Youtube
339,솔다Youtube,https://www.youtube.com/channel/UC1o8wgeiqUKvi7NRrHj88LQ,솔다입니당,https://op.gg/summoner/userName=솔다입니당
340,블개 ,https://www.youtube.com/channel/UCpSFkW-1TFYy--Ag7__0w5A,무기물질함량,https://op.gg/summoner/userName=무기물질함량
341,블개 ,https://www.youtube.com/channel/UCpSFkW-1TFYy--Ag7__0w5A,grnkjgarnjkagr,https://op.gg/summoner/userName=grnkjgarnjkagr
342,직이라,https://www.youtube.com/channel/UC77qVzhkWjTtZWb7KJJXIdw,직이라,https://op.gg/summoner/userName=직이라
343,씨르멍,https://www.youtube.com/user/mungmungTV,르멍이,https://op.gg/summoner/userName=르멍이
344,씨르멍,https://www.youtube.com/user/mungmungTV,내일보다 덜,https://op.gg/summoner/userName=내일보다 덜
345,땅우양,https://www.youtube.com/channel/UC9vI-9WYQLXKI6n9XdXXo3g,jkluio,https://op.gg/summoner/userName=jkluio
346,땅우양,https://www.youtube.com/channel/UC9vI-9WYQLXKI6n9XdXXo3g,DWG Yang,https://op.gg/summoner/userName=DWG Yang
347,땅우양,https://www.youtube.com/channel/UC9vI-9WYQLXKI6n9XdXXo3g,baldado,https://op.gg/summoner/userName=baldado
348,땅우양,https://www.youtube.com/channel/UC9vI-9WYQLXKI6n9XdXXo3g,챌린저땅우양,https://op.gg/summoner/userName=챌린저땅우양
349,롤에낀선바,https://www.youtube.com/channel/UCh9hXvYF58wJYdWCKNO2zzw,겨드랑이에낀손,https://op.gg/summoner/userName=겨드랑이에낀손
350,Wolf,https://www.youtube.com/channel/UCYJ0Ucu9jPX5kn6SeDcNaIQ,싸우면갖다박음,https://op.gg/summoner/userName=싸우면갖다박음
351,샤코타임,https://www.youtube.com/channel/UCAkCZHtQdPWvbwaP1KJBjvA,뮤트올 하드캐리,https://op.gg/summoner/userName=뮤트올 하드캐리
352,샤코타임,https://www.youtube.com/channel/UCAkCZHtQdPWvbwaP1KJBjvA,00년생 이영민,https://op.gg/summoner/userName=00년생 이영민
353,샤코타임,https://www.youtube.com/channel/UCAkCZHtQdPWvbwaP1KJBjvA,123214154252,https://op.gg/summoner/userName=123214154252
354,샤코왕,https://www.youtube.com/channel/UC01ijcLHFVlTTq2oJRiBSXQ,뒤치기치명타,https://op.gg/summoner/userName=뒤치기치명타
355,샤코왕,https://www.youtube.com/channel/UC01ijcLHFVlTTq2oJRiBSXQ,향로샤코,https://op.gg/summoner/userName=향로샤코
356,주화고대,https://www.youtube.com/channel/UCsESuAQrDmDud4OEpmGqI0g,샤코와 꿀벌,https://op.gg/summoner/userName=샤코와 꿀벌
357,주화고대,https://www.youtube.com/channel/UCsESuAQrDmDud4OEpmGqI0g,뒷골목 샤코서폿,https://op.gg/summoner/userName=뒷골목 샤코서폿
358,아무무장인_미노미노,https://www.youtube.com/channel/UCsXdMWlsG57CLr_E_uJ1uHw,무무미노,https://op.gg/summoner/userName=무무미노
359,아무무장인_미노미노,https://www.youtube.com/channel/UCsXdMWlsG57CLr_E_uJ1uHw,미노미노,https://op.gg/summoner/userName=미노미노
360,풋온,https://www.youtube.com/channel/UCYAK4Sc_iTlcW97zH0hTFhw,푸돈,https://op.gg/summoner/userName=푸돈
361,풋온,https://www.youtube.com/channel/UCYAK4Sc_iTlcW97zH0hTFhw,Put on,https://op.gg/summoner/userName=Put on
362,오공갓,https://www.youtube.com/channel/UCdRXvOkNJbXL6-rZqtCXcCA,나는다4딱입니다,https://op.gg/summoner/userName=나는다4딱입니다
363,오공갓,https://www.youtube.com/channel/UCdRXvOkNJbXL6-rZqtCXcCA,M0NKEY,https://op.gg/summoner/userName=M0NKEY
364,왕청포도,https://www.youtube.com/channel/UCExk6FR-JLVf0EJXBjsBxfg,왕청포도,https://op.gg/summoner/userName=왕청포도
365,부멘 Bumen,https://www.youtube.com/channel/UC-97DBrSjf37Qu1cyVQ8X1A,부 멘,https://op.gg/summoner/userName=부 멘
366,희성에몽,https://www.youtube.com/channel/UCy-0ERPBCzs_p_E_Ag9C-Jw,iililililililll,https://op.gg/summoner/userName=iililililililll
367,희성에몽,https://www.youtube.com/channel/UCy-0ERPBCzs_p_E_Ag9C-Jw,heeseong,https://op.gg/summoner/userName=heeseong
368,클킹,https://www.youtube.com/channel/UC1Opo-MV1XqWxoPfPKzb-gQ,kk99999999999999,https://op.gg/summoner/userName=kk99999999999999
369,클킹,https://www.youtube.com/channel/UC1Opo-MV1XqWxoPfPKzb-gQ,EQWWWWE,https://op.gg/summoner/userName=EQWWWWE
370,클킹,https://www.youtube.com/channel/UC1Opo-MV1XqWxoPfPKzb-gQ,kled99,https://op.gg/summoner/userName=kled99
371,ㅇyㅇ,https://www.youtube.com/channel/UCm6Y-gVqhlhX4FzrJCtsSzg,만 당,https://op.gg/summoner/userName=만 당
372,울부짖는마오카이,https://www.youtube.com/channel/UCLpAVYWw_-P29O6te5j5o1Q,제발말좀걸지마1,https://op.gg/summoner/userName=제발말좀걸지마1
373,울부짖는마오카이,https://www.youtube.com/channel/UCLpAVYWw_-P29O6te5j5o1Q,78세 윤금복,https://op.gg/summoner/userName=78세 윤금복
374,울부짖는마오카이,https://www.youtube.com/channel/UCLpAVYWw_-P29O6te5j5o1Q,울부짖는마오카이,https://op.gg/summoner/userName=울부짖는마오카이
375,아슬라YouTube,https://www.youtube.com/channel/UCr90j6PBZkYxomCrRNlhxiQ,아슬라론즈,https://op.gg/summoner/userName=아슬라론즈
376,아슬라YouTube,https://www.youtube.com/channel/UCr90j6PBZkYxomCrRNlhxiQ,IIllIlIllIIIll,https://op.gg/summoner/userName=IIllIlIllIIIll
377,김때수,https://www.youtube.com/channel/UC5Z3hqlecfg5w-rMJFuxlMw,Justin Bieber,https://op.gg/summoner/userName=Justin Bieber
378,김때수,https://www.youtube.com/channel/UC5Z3hqlecfg5w-rMJFuxlMw,유튜브 김때수,https://op.gg/summoner/userName=유튜브 김때수
379,준밧드,https://www.youtube.com/channel/UCDWlQ2AcGlcckdefjtF0goQ,진지빡종1,https://op.gg/summoner/userName=진지빡종1
380,워누사,https://www.youtube.com/channel/UCLNAeJ-benidYk2T45ZYBMQ,치감템가면 던짐,https://op.gg/summoner/userName=치감템가면 던짐
381,연산동나미TV [서폿만 한우물],https://www.youtube.com/channel/UCE7WVYp91cSz_0jX_sK7C5w,연산동나미,https://op.gg/summoner/userName=연산동나미
382,연산동나미TV [서폿만 한우물],https://www.youtube.com/channel/UCE7WVYp91cSz_0jX_sK7C5w,나니똔,https://op.gg/summoner/userName=나니똔
383,유틸서폿유찬이,https://www.youtube.com/channel/UCTrgbeDfWyZQis4eDJjZolw,Twitch 유찬이,https://op.gg/summoner/userName=Twitch 유찬이
384,농림부장관,https://www.youtube.com/channel/UCTtJ94bBR-KgnCnqphQAkxg,milgnon,https://op.gg/summoner/userName=milgnon
385,U Han,https://www.youtube.com/channel/UCfMmWh9ER3zJSIWGbian8Pg,You too,https://op.gg/summoner/userName=You too
386,U Han,https://www.youtube.com/channel/UCfMmWh9ER3zJSIWGbian8Pg,부끄럽다,https://op.gg/summoner/userName=부끄럽다
387,기논,https://www.youtube.com/channel/UChqQ4kpJUhZL4C5ORLdqyXg,주제파악완료,https://op.gg/summoner/userName=주제파악완료
388,기논,https://www.youtube.com/channel/UChqQ4kpJUhZL4C5ORLdqyXg,논코,https://op.gg/summoner/userName=논코
389,오피피,https://www.youtube.com/channel/UC51zLqYNQ7iWBbORVysQeYg,오ha,https://op.gg/summoner/userName=오ha
390,크캣,https://www.youtube.com/channel/UCkjsyG61m84bXpF-TAh0fCQ,미친고양이1028,https://op.gg/summoner/userName=미친고양이1028
391,크캣,https://www.youtube.com/channel/UCkjsyG61m84bXpF-TAh0fCQ,크캣99,https://op.gg/summoner/userName=크캣99
392,크캣,https://www.youtube.com/channel/UCkjsyG61m84bXpF-TAh0fCQ,방관수확케이틀린,https://op.gg/summoner/userName=방관수확케이틀린
393,크캣,https://www.youtube.com/channel/UCkjsyG61m84bXpF-TAh0fCQ,미친고양이66,https://op.gg/summoner/userName=미친고양이66
394,막내현진,https://www.youtube.com/channel/UCGuurERkbPnHhEkTZOq_WDw,어네삐,https://op.gg/summoner/userName=어네삐
395,막내현진,https://www.youtube.com/channel/UCGuurERkbPnHhEkTZOq_WDw,해 삐,https://op.gg/summoner/userName=해 삐
396,막내현진,https://www.youtube.com/channel/UCGuurERkbPnHhEkTZOq_WDw,막내 현진,https://op.gg/summoner/userName=막내 현진
397,벤타,https://www.youtube.com/channel/UCXIE46_EepuxbMx0Jvw4RMw,벤타,https://op.gg/summoner/userName=벤타
398,벤타,https://www.youtube.com/channel/UCXIE46_EepuxbMx0Jvw4RMw,VVEENNTA,https://op.gg/summoner/userName=VVEENNTA
399,벤타,https://www.youtube.com/channel/UCXIE46_EepuxbMx0Jvw4RMw,venta,https://op.gg/summoner/userName=venta
400,ZephyrusK,https://www.youtube.com/channel/UCznisU7WW0ydBkov8lcvUqg,쥐들의 신 찍신,https://op.gg/summoner/userName=쥐들의 신 찍신
401,ZephyrusK,https://www.youtube.com/channel/UCznisU7WW0ydBkov8lcvUqg,zephyrusK,https://op.gg/summoner/userName=zephyrusK
402,ZephyrusK,https://www.youtube.com/channel/UCznisU7WW0ydBkov8lcvUqg,옴걸 배유비니,https://op.gg/summoner/userName=옴걸 배유비니
403,레오나는레모나,https://www.youtube.com/channel/UCj7AiDuGiKVn358fpMhjkYA,레오나는레모나,https://op.gg/summoner/userName=레오나는레모나
404,롤채널개태구,https://www.youtube.com/channel/UCRoqwDsYYtLyf2Qq2FID8pw,개태9,https://op.gg/summoner/userName=개태9
405,롤채널개태구,https://www.youtube.com/channel/UCRoqwDsYYtLyf2Qq2FID8pw,개태구유튜브구독,https://op.gg/summoner/userName=개태구유튜브구독
406,최후의 전사,https://www.youtube.com/channel/UC32EqivLIyoraGp8A66BNqw,최후의전사,https://op.gg/summoner/userName=최후의전사
407,최후의 전사,https://www.youtube.com/channel/UC32EqivLIyoraGp8A66BNqw,최후의전사유튜브,https://op.gg/summoner/userName=최후의전사유튜브
408,조통닥,https://www.youtube.com/channel/UC8qzehe49p5zd02rWHCCt8w,조통닥,https://op.gg/summoner/userName=조통닥
409,조통닥,https://www.youtube.com/channel/UC8qzehe49p5zd02rWHCCt8w,아혜가오,https://op.gg/summoner/userName=아혜가오
410,모르가나 프레스티지,https://www.youtube.com/channel/UCETlVRJVet6FESFEJsoEidg,맨인블랙,https://op.gg/summoner/userName=맨인블랙
411,미포남,https://www.youtube.com/channel/UCY1g6YKwiMuGLxhhR9RJMOw,미포남,https://op.gg/summoner/userName=미포남
412,바이장인 김빠이,https://www.youtube.com/channel/UCCqTelD06WnKh5FaPjlkD6g,노플이면알려줘,https://op.gg/summoner/userName=노플이면알려줘
413,바이장인 김빠이,https://www.youtube.com/channel/UCCqTelD06WnKh5FaPjlkD6g,노플이면필킬,https://op.gg/summoner/userName=노플이면필킬
414,바이장인 김빠이,https://www.youtube.com/channel/UCCqTelD06WnKh5FaPjlkD6g,잘좀해라잉,https://op.gg/summoner/userName=잘좀해라잉
415,충장,https://www.youtube.com/channel/UCzF9ojL6LWbuOThYIZSs1Bw,티모진짜좋아여,https://op.gg/summoner/userName=티모진짜좋아여
416,충장,https://www.youtube.com/channel/UCzF9ojL6LWbuOThYIZSs1Bw,육회반근포장이여,https://op.gg/summoner/userName=육회반근포장이여
417,똥그랩,https://www.youtube.com/channel/UCpVDCL18eGUOjfmoV81mTpg,똥그랩,https://op.gg/summoner/userName=똥그랩
418,갱맘TV,https://www.youtube.com/user/changsuk94,wall class,https://op.gg/summoner/userName=wall class
419,졸귀탱사이온TV,https://www.youtube.com/channel/UCCPlwpvg2glouLCuRVE2YQw,졸귀탱사이온TV,https://op.gg/summoner/userName=졸귀탱사이온TV
420,원딜러 준비준비,https://www.youtube.com/channel/UCTTIJu3l4sYHgFt2YmsMfkg,레D레D,https://op.gg/summoner/userName=레D레D
421,원딜러 준비준비,https://www.youtube.com/channel/UCTTIJu3l4sYHgFt2YmsMfkg,준에이준비준씨준디준에프준쥐,https://op.gg/summoner/userName=준에이준비준씨준디준에프준쥐
422,원딜러 준비준비,https://www.youtube.com/channel/UCTTIJu3l4sYHgFt2YmsMfkg,Gen G TalRuler,https://op.gg/summoner/userName=Gen G TalRuler
423,소나선생YouTube,https://www.youtube.com/channel/UCcd5qVTuyQ_3htJ9y-bqxOQ,DWG Phantom,https://op.gg/summoner/userName=DWG Phantom
424,주유갓tv,https://www.youtube.com/channel/UC-1b4HzPwFf-Fo4vU6oYEsQ,외쳐주유소갓라카,https://op.gg/summoner/userName=외쳐주유소갓라카
425,주유갓tv,https://www.youtube.com/channel/UC-1b4HzPwFf-Fo4vU6oYEsQ,나는물약이아니다,https://op.gg/summoner/userName=나는물약이아니다
426,주유갓tv,https://www.youtube.com/channel/UC-1b4HzPwFf-Fo4vU6oYEsQ,내바나나로가버렷,https://op.gg/summoner/userName=내바나나로가버렷
427,알파카TV,https://www.youtube.com/channel/UCQNu12i3pCgD4uNPh4AaGVA,냉탕에인어,https://op.gg/summoner/userName=냉탕에인어
428,알파카TV,https://www.youtube.com/channel/UCQNu12i3pCgD4uNPh4AaGVA,RRRRRRRR파카,https://op.gg/summoner/userName=RRRRRRRR파카
429,알파카TV,https://www.youtube.com/channel/UCQNu12i3pCgD4uNPh4AaGVA,IlllIIIIIIWW,https://op.gg/summoner/userName=IlllIIIIIIWW
430,신지드한우물,https://www.youtube.com/channel/UCBOf1rbgAruBCBcG75lgISA,한우물 신지드,https://op.gg/summoner/userName=한우물 신지드
431,초보원딜러_Chowon,https://www.youtube.com/channel/UCvuc6-wCcCeDrQ9dA52pBBQ,숟가락입니다만,https://op.gg/summoner/userName=숟가락입니다만
432,초보원딜러_Chowon,https://www.youtube.com/channel/UCvuc6-wCcCeDrQ9dA52pBBQ,이건좀엑시던튼데,https://op.gg/summoner/userName=이건좀엑시던튼데
433,초보원딜러_Chowon,https://www.youtube.com/channel/UCvuc6-wCcCeDrQ9dA52pBBQ,초태식,https://op.gg/summoner/userName=초태식
434,이서니,https://www.youtube.com/user/TVLS6311,광철이형사랑해요,https://op.gg/summoner/userName=광철이형사랑해요
435,이서니,https://www.youtube.com/user/TVLS6311,갱와라 나 힘들다,https://op.gg/summoner/userName=갱와라 나 힘들다
436,이서니,https://www.youtube.com/user/TVLS6311,전광철내가사랑해,https://op.gg/summoner/userName=전광철내가사랑해
437,조디악,https://www.youtube.com/channel/UC1b5zAyQWKa9KkIzC4wol0Q,조디앜,https://op.gg/summoner/userName=조디앜
438,유매드브로,https://www.youtube.com/channel/UCNH-pSGNslJfhayGZPKHBvQ,iiliilliiIIi,https://op.gg/summoner/userName=iiliilliiIIi
439,명조이,https://www.youtube.com/channel/UCQ7tyYNJhLL4bbg9Bg39Bqg,순진하고 현명한,https://op.gg/summoner/userName=순진하고 현명한
440,명조이,https://www.youtube.com/channel/UCQ7tyYNJhLL4bbg9Bg39Bqg,폐관수련22,https://op.gg/summoner/userName=폐관수련22
441,명조이,https://www.youtube.com/channel/UCQ7tyYNJhLL4bbg9Bg39Bqg,남탓욕설안해요,https://op.gg/summoner/userName=남탓욕설안해요
442,엔마유튜브 ,https://www.youtube.com/channel/UCF-rFAdN7dzd-SI2T3rkCaQ,엔마왓슨,https://op.gg/summoner/userName=엔마왓슨
443,엔마유튜브 ,https://www.youtube.com/channel/UCF-rFAdN7dzd-SI2T3rkCaQ,백곰도 야옹야옹,https://op.gg/summoner/userName=백곰도 야옹야옹
444,미과직msziggs,https://www.youtube.com/channel/UCxILAjHmSLo4xP-bMnKWtXA,미친과학자직스,https://op.gg/summoner/userName=미친과학자직스
445,트강준,https://www.youtube.com/channel/UCqJ7nSPMWK-Z56HDKdXjKLw,서농잉,https://op.gg/summoner/userName=서농잉
446,트강준,https://www.youtube.com/channel/UCqJ7nSPMWK-Z56HDKdXjKLw,야 트강준,https://op.gg/summoner/userName=야 트강준
447,트강준,https://www.youtube.com/channel/UCqJ7nSPMWK-Z56HDKdXjKLw,BJ꿀뚱땡이,https://op.gg/summoner/userName=BJ꿀뚱땡이
448,꾸락지,https://www.youtube.com/channel/UCh0wSpuVziwitpR-8c9Kolg,kkurak,https://op.gg/summoner/userName=kkurak
449,꾸락지,https://www.youtube.com/channel/UCh0wSpuVziwitpR-8c9Kolg,꾸락지,https://op.gg/summoner/userName=꾸락지
450,슈퍼갱이 SUPERGANGY //탈리야 장인 랭킹 1위,https://www.youtube.com/user/iloveGanGe,다른애들이랑탈랴,https://op.gg/summoner/userName=다른애들이랑탈랴
451,먹짱켄치TV,https://www.youtube.com/channel/UCfRH8nDj4jKVBt7ZilJuLRw,먹짱켄치,https://op.gg/summoner/userName=먹짱켄치
452,먹짱켄치TV,https://www.youtube.com/channel/UCfRH8nDj4jKVBt7ZilJuLRw,아이엠아이언맨짱,https://op.gg/summoner/userName=아이엠아이언맨짱
453,흰대문,https://www.youtube.com/channel/UC1j-1NszBP07Zg3IVL8a4RA,트리스타나버프좀,https://op.gg/summoner/userName=트리스타나버프좀
454,흰대문,https://www.youtube.com/channel/UC1j-1NszBP07Zg3IVL8a4RA,응애 나 아기대문,https://op.gg/summoner/userName=응애 나 아기대문
455,BEEN trdl,https://www.youtube.com/channel/UC1AcQblWJM_k7G1iNX75wwg,blue benevolence,https://op.gg/summoner/userName=blue benevolence
456,BEEN trdl,https://www.youtube.com/channel/UC1AcQblWJM_k7G1iNX75wwg,나령의 빈,https://op.gg/summoner/userName=나령의 빈
457,BEEN trdl,https://www.youtube.com/channel/UC1AcQblWJM_k7G1iNX75wwg,2tk,https://op.gg/summoner/userName=2tk
458,BEEN trdl,https://www.youtube.com/channel/UC1AcQblWJM_k7G1iNX75wwg,신비주의 빈,https://op.gg/summoner/userName=신비주의 빈
459,트페는 런닝왕,https://www.youtube.com/channel/UCmGcWrH3Ztq0eXVTA8rn99Q,트페는 런닝왕,https://op.gg/summoner/userName=트페는 런닝왕
460,트페는 런닝왕,https://www.youtube.com/channel/UCmGcWrH3Ztq0eXVTA8rn99Q,런닝왕,https://op.gg/summoner/userName=런닝왕
461,정점파이크,https://www.youtube.com/channel/UCMi-C_EUiv-BZXCz4aB3uIg,정점파이꾸,https://op.gg/summoner/userName=정점파이꾸
462,정점파이크,https://www.youtube.com/channel/UCMi-C_EUiv-BZXCz4aB3uIg,정점파이크zzz,https://op.gg/summoner/userName=정점파이크zzz
463,불남TV,https://www.youtube.com/channel/UC-7E5TSQd24BTAD9rRx6g-w,불꽃남자,https://op.gg/summoner/userName=불꽃남자
464,불남TV,https://www.youtube.com/channel/UC-7E5TSQd24BTAD9rRx6g-w,워버러지,https://op.gg/summoner/userName=워버러지
465,발__젭,https://www.youtube.com/channel/UCQ9eDVhFn_jq7eTpjf21ouA,왜 우리팀만,https://op.gg/summoner/userName=왜 우리팀만
466,발__젭,https://www.youtube.com/channel/UCQ9eDVhFn_jq7eTpjf21ouA,고목나무와매미,https://op.gg/summoner/userName=고목나무와매미
467,발__젭,https://www.youtube.com/channel/UCQ9eDVhFn_jq7eTpjf21ouA,우L 유,https://op.gg/summoner/userName=우L 유
468,발__젭,https://www.youtube.com/channel/UCQ9eDVhFn_jq7eTpjf21ouA,죽으면서큼,https://op.gg/summoner/userName=죽으면서큼
469,데이Day,https://www.youtube.com/channel/UCJ-tLzoje1snE-w31xrQDFw,데이루,https://op.gg/summoner/userName=데이루
470,털보형 유튜브,https://www.youtube.com/channel/UC7xi1P3CUpxsh7CIPctA-7A,홍수컷,https://op.gg/summoner/userName=홍수컷
471,피유TV,https://www.youtube.com/channel/UCcKITUR4mDL0BSugm4nn66w,에구머니나뿌뿌뿌,https://op.gg/summoner/userName=에구머니나뿌뿌뿌
472,착말TV,https://www.youtube.com/channel/UCz_Tbp0AufuRm0k5zfjM3Bw,삶선택죽음,https://op.gg/summoner/userName=삶선택죽음
473,문어지지않는다,https://www.youtube.com/channel/UCmKxt05xmuIPgvorDd3l6UA,문어지지않는다,https://op.gg/summoner/userName=문어지지않는다
474,미드티모,https://www.youtube.com/channel/UC_zQwRaTbUhAr-KcXX0cl9g,미드티모,https://op.gg/summoner/userName=미드티모
475,CloudTemplar TV (LCK Commentator),https://www.youtube.com/channel/UCvrxJgD0T_TFvgsO2nA-fDQ,세상아내가미안해,https://op.gg/summoner/userName=세상아내가미안해
476,CloudTemplar TV (LCK Commentator),https://www.youtube.com/channel/UCvrxJgD0T_TFvgsO2nA-fDQ,난협곡이무서웡,https://op.gg/summoner/userName=난협곡이무서웡
477,CloudTemplar TV (LCK Commentator),https://www.youtube.com/channel/UCvrxJgD0T_TFvgsO2nA-fDQ,난다시태어난다,https://op.gg/summoner/userName=난다시태어난다
478,압둘알리과로사,https://www.youtube.com/channel/UC31ypOxFsuU3Q0OFpQzcQ3g,길쭉한털쟁이오이,https://op.gg/summoner/userName=길쭉한털쟁이오이
479,압둘알리과로사,https://www.youtube.com/channel/UC31ypOxFsuU3Q0OFpQzcQ3g,성내동별점테러범,https://op.gg/summoner/userName=성내동별점테러범
480,가재맨,https://www.youtube.com/channel/UCnkytUgy0CtWd06up9CjNxg,megalia,https://op.gg/summoner/userName=megalia
481,가재맨,https://www.youtube.com/channel/UCnkytUgy0CtWd06up9CjNxg,aldosl,https://op.gg/summoner/userName=aldosl
482,김레인,https://www.youtube.com/channel/UCj9LQu5-mfrf6imcyrnZfug,곧아홉수,https://op.gg/summoner/userName=곧아홉수
483,벨빈,https://www.youtube.com/channel/UCC62RQ__pVuTW5Re22yhuxg,벨빈유튜브,https://op.gg/summoner/userName=벨빈유튜브
484,헬창요네,https://www.youtube.com/channel/UCZHqyvbjcj0eMrCHB1NK2-g,헬창요네 구독해,https://op.gg/summoner/userName=헬창요네 구독해
485,달스,https://www.youtube.com/user/koitvzz,emperor of dia,https://op.gg/summoner/userName=emperor of dia
486,라크넌 류팽,https://www.youtube.com/channel/UCUWZiKS8dbWhvErVQophzmg,라크넌,https://op.gg/summoner/userName=라크넌
487,요네 몽타주,https://www.youtube.com/channel/UCmenmnMFFQk5HH7bEJDSY4g,yone montage,https://op.gg/summoner/userName=yone montage
488,쭈냡TV,https://www.youtube.com/channel/UCVJD0JmIYT5jJ8NjtiY7Gvg,빅톨장인 주냐비,https://op.gg/summoner/userName=빅톨장인 주냐비
489,트타 교수,https://www.youtube.com/channel/UCRtKkbgz15nDsHJ2W1ClqdA,교수트타 구독,https://op.gg/summoner/userName=교수트타 구독
490,트타 교수,https://www.youtube.com/channel/UCRtKkbgz15nDsHJ2W1ClqdA,교수 트타,https://op.gg/summoner/userName=교수 트타
491,체토르,https://www.youtube.com/channel/UChC8QJGf75Ct7j2GyLtmzeg,체리 키위 샤베트,https://op.gg/summoner/userName=체리 키위 샤베트
492,체토르,https://www.youtube.com/channel/UChC8QJGf75Ct7j2GyLtmzeg,레드 피치 샤베트,https://op.gg/summoner/userName=레드 피치 샤베트
493,홍칠이,https://www.youtube.com/channel/UC6181e1keKeHMAei-GtSi6w,후워,https://op.gg/summoner/userName=후워
494,THE SHY,https://www.youtube.com/channel/UCT2iciPfSx1DmcYaf1MAFiA,KcNco,https://op.gg/summoner/userName=KcNco
495,Trundle Bot,https://www.youtube.com/channel/UCPenb0a0hQ5N7GUVEkhzMbA,중급 트런들 봇,https://op.gg/summoner/userName=중급 트런들 봇
496,Trundle Bot,https://www.youtube.com/channel/UCPenb0a0hQ5N7GUVEkhzMbA,트런들,https://op.gg/summoner/userName=트런들
497,저카,https://www.youtube.com/channel/UC7Dd45_qQ_rrIPJ3SIRGmog,JustKATA,https://op.gg/summoner/userName=JustKATA
498,Ickyu,https://www.youtube.com/channel/UCU6FE_jQWLFQNwSFNQDnQKQ,dlrzb,https://op.gg/summoner/userName=dlrzb
499,초글링TV ::LOL::,https://www.youtube.com/channel/UCil8ShfFfGwlm5QcE0M_BlA,초글링TV,https://op.gg/summoner/userName=초글링TV
500,셋트 봉풀주사랑해,https://www.youtube.com/channel/UCtFjYHsJWqvulSYzBEvLSjA,흥분잘하는라이너,https://op.gg/summoner/userName=흥분잘하는라이너
501,마우,https://www.youtube.com/channel/UCnDoZ1e31hLl7IPhzytCD7w,강인한방패 마우,https://op.gg/summoner/userName=강인한방패 마우
502,팬티온_TV,https://www.youtube.com/channel/UCxmNAFJaWYOdXKJpHEivqbQ,나는몽키다,https://op.gg/summoner/userName=나는몽키다
503,팬티온_TV,https://www.youtube.com/channel/UCxmNAFJaWYOdXKJpHEivqbQ,딩뀰이,https://op.gg/summoner/userName=딩뀰이
504,top solo머연,https://www.youtube.com/channel/UCJXbLJOWwimTdRANGab_fvA,jianmo,https://op.gg/summoner/userName=jianmo
505,top solo머연,https://www.youtube.com/channel/UCJXbLJOWwimTdRANGab_fvA,힘들어도행복하게,https://op.gg/summoner/userName=힘들어도행복하게
506,만기퇴소,https://www.youtube.com/user/chlwlals1,공병대틀니딱딱이,https://op.gg/summoner/userName=공병대틀니딱딱이
507,플레임,https://www.youtube.com/channel/UCI6Ro_MOr36re4Bhb7nCY7g,F4 프린스 플,https://op.gg/summoner/userName=F4 프린스 플
508,챌린저 미드김홍주,https://www.youtube.com/channel/UCfL7Vob_QbS2c_QrP-KAjdw,MINDDDD,https://op.gg/summoner/userName=MINDDDD
509,챌린저 미드김홍주,https://www.youtube.com/channel/UCfL7Vob_QbS2c_QrP-KAjdw,IIIIIIlllIIIIlI,https://op.gg/summoner/userName=IIIIIIlllIIIIlI
510,정헌희 HeonHee,https://www.youtube.com/channel/UCIYLQLyMW44rQD1VK6QxCsA,정헌희,https://op.gg/summoner/userName=정헌희
511,_헤징,https://www.youtube.com/channel/UCj38fEefpih2o1aHH886Z1g,해삐 우레삐,https://op.gg/summoner/userName=해삐 우레삐
512,Minsik Park,https://www.youtube.com/channel/UCn1i1TTl1qsaIr79-x3mn8g,원딜프로지망생,https://op.gg/summoner/userName=원딜프로지망생
513,Minsik Park,https://www.youtube.com/channel/UCn1i1TTl1qsaIr79-x3mn8g,사쿠라동생사미라,https://op.gg/summoner/userName=사쿠라동생사미라
514,박철한 유튜브,https://www.youtube.com/channel/UCNhTWGISzNVklAJcqSBNchg,박철한 유튜브,https://op.gg/summoner/userName=박철한 유튜브
515,허블렛TV,https://www.youtube.com/channel/UCJriMiQFo5023wkc2hWaiuA,블렛 허,https://op.gg/summoner/userName=블렛 허
516,허블렛TV,https://www.youtube.com/channel/UCJriMiQFo5023wkc2hWaiuA,뉴저지 코메우커,https://op.gg/summoner/userName=뉴저지 코메우커
517,솔찬,https://www.youtube.com/channel/UCpbpKXtMfDIAADzSGTpJ0IA,SKT T1 M4A1 CC,https://op.gg/summoner/userName=SKT T1 M4A1 CC
518,솔찬,https://www.youtube.com/channel/UCpbpKXtMfDIAADzSGTpJ0IA,SolChaicA,https://op.gg/summoner/userName=SolChaicA
